{"cameraMode":{"drawMode":0,"name":"Shaded","section":"Shading Mode"},"sceneLighting":true,"audioPlay":false,"sceneViewState":{"m_AlwaysRefresh":false,"showFog":true,"showSkybox":true,"showFlares":true,"showImageEffects":true,"showParticleSystems":true,"showVisualEffectGraphs":true,"m_FxEnabled":true},"in2DMode":false,"pivot":{"x":3.9712812900543215,"y":23.708789825439454,"z":2.8102939128875734},"rotation":{"x":0.014486582949757576,"y":0.9229982495307922,"z":-0.38297921419143679,"w":0.03490609675645828},"size":0.08284272253513336,"orthographic":false}